timestamp,class,name
16:33:13:619, __InstanceDeletionEvent, conhost.exe, 16964
16:33:15:687, __InstanceCreationEvent, backgroundTaskHost.exe, 20512
16:33:16:734, __InstanceCreationEvent, smartscreen.exe, 16732
16:33:16:734, __InstanceCreationEvent, notepad++.exe, 2732
16:33:16:747, __InstanceDeletionEvent, backgroundTaskHost.exe, 20512
16:33:20:918, __InstanceDeletionEvent, notepad++.exe, 2732
16:33:35:551, __InstanceCreationEvent, svchost.exe, 13628
16:33:35:551, __InstanceCreationEvent, WindowsTerminal.exe, 15912
16:33:35:551, __InstanceCreationEvent, OpenConsole.exe, 5256
16:33:35:551, __InstanceCreationEvent, powershell.exe, 6700
16:33:38:679, __InstanceDeletionEvent, WindowsTerminal.exe, 15912
16:33:38:679, __InstanceDeletionEvent, OpenConsole.exe, 5256
16:33:38:679, __InstanceDeletionEvent, powershell.exe, 6700
16:33:46:20, __InstanceDeletionEvent, chrome.exe, 12388
16:33:46:20, __InstanceCreationEvent, git.exe, 10460
16:33:46:20, __InstanceCreationEvent, git.exe, 10616
16:33:46:20, __InstanceCreationEvent, conhost.exe, 14644
16:33:47:76, __InstanceDeletionEvent, git.exe, 10460
16:33:47:80, __InstanceDeletionEvent, git.exe, 10616
16:33:47:80, __InstanceDeletionEvent, conhost.exe, 14644
16:33:55:511, __InstanceCreationEvent, chrome.exe, 4512
16:34:3:906, __InstanceDeletionEvent, chrome.exe, 13936
16:34:12:322, __InstanceDeletionEvent, chrome.exe, 11612
16:34:16:485, __InstanceDeletionEvent, chrome.exe, 19224
16:34:16:485, __InstanceDeletionEvent, chrome.exe, 21024
16:34:18:571, __InstanceDeletionEvent, chrome.exe, 11528
16:34:18:571, __InstanceDeletionEvent, chrome.exe, 22372
16:34:27:988, __InstanceCreationEvent, cpptools-srv.exe, 12820
16:34:27:992, __InstanceCreationEvent, conhost.exe, 22484
16:34:35:322, __InstanceDeletionEvent, cpptools-srv.exe, 19048
16:34:35:327, __InstanceDeletionEvent, conhost.exe, 19880
16:34:38:457, __InstanceDeletionEvent, audiodg.exe, 1276
16:34:42:652, __InstanceCreationEvent, chrome.exe, 16024
16:34:42:655, __InstanceCreationEvent, chrome.exe, 22364
16:34:44:768, __InstanceCreationEvent, chrome.exe, 19368
16:34:45:830, __InstanceDeletionEvent, chrome.exe, 22364
16:34:45:834, __InstanceDeletionEvent, chrome.exe, 3748
16:34:49:14, __InstanceCreationEvent, chrome.exe, 7736
16:34:51:111, __InstanceCreationEvent, audiodg.exe, 13328
16:35:59:932, __InstanceDeletionEvent, chrome.exe, 10696
16:36:5:171, __InstanceDeletionEvent, chrome.exe, 1932
16:36:14:558, __InstanceCreationEvent, chrome.exe, 7796
16:36:14:558, __InstanceCreationEvent, RuntimeBroker.exe, 8444
16:36:15:611, __InstanceCreationEvent, chrome.exe, 18468
16:36:30:248, __InstanceDeletionEvent, chrome.exe, 7796
16:36:44:863, __InstanceDeletionEvent, chrome.exe, 7736
16:36:47:980, __InstanceDeletionEvent, chrome.exe, 4512
16:36:54:264, __InstanceDeletionEvent, RuntimeBroker.exe, 8444
16:37:8:928, __InstanceCreationEvent, chrome.exe, 13900
16:37:15:177, __InstanceCreationEvent, svchost.exe, 14980
16:37:45:465, __InstanceDeletionEvent, chrome.exe, 13900
16:38:0:100, __InstanceCreationEvent, chrome.exe, 11920
16:38:0:100, __InstanceCreationEvent, chrome.exe, 13172
16:38:11:651, __InstanceCreationEvent, dllhost.exe, 13084
16:38:11:651, __InstanceCreationEvent, svchost.exe, 21612
16:38:11:651, __InstanceCreationEvent, msteamsupdate.exe, 21676
16:38:16:885, __InstanceDeletionEvent, dllhost.exe, 13084
16:38:16:900, __InstanceDeletionEvent, smartscreen.exe, 16732
16:38:30:419, __InstanceCreationEvent, WmiPrvSE.exe, 18608
16:38:31:460, __InstanceCreationEvent, svchost.exe, 18684
16:38:35:652, __InstanceDeletionEvent, svchost.exe, 13628
16:38:36:701, __InstanceDeletionEvent, msteamsupdate.exe, 21676
16:39:59:405, __InstanceCreationEvent, RuntimeBroker.exe, 10004
16:39:59:411, __InstanceCreationEvent, backgroundTaskHost.exe, 20588
16:40:54:35, __InstanceCreationEvent, chrome.exe, 11380
16:40:59:288, __InstanceDeletionEvent, backgroundTaskHost.exe, 20588
16:41:3:469, __InstanceDeletionEvent, svchost.exe, 18684
16:41:12:861, __InstanceDeletionEvent, chrome.exe, 18468
16:41:14:947, __InstanceCreationEvent, chrome.exe, 12640
16:41:14:964, __InstanceCreationEvent, chrome.exe, 2856
16:41:29:646, __InstanceDeletionEvent, RuntimeBroker.exe, 10004
16:41:29:650, __InstanceDeletionEvent, chrome.exe, 16024
16:41:30:699, __InstanceDeletionEvent, chrome.exe, 12640
16:41:30:703, __InstanceDeletionEvent, WmiPrvSE.exe, 18608
16:41:30:703, __InstanceDeletionEvent, chrome.exe, 19368
16:41:30:709, __InstanceCreationEvent, chrome.exe, 16912
16:41:30:714, __InstanceCreationEvent, chrome.exe, 2024
16:41:31:745, __InstanceCreationEvent, chrome.exe, 2344
16:41:31:751, __InstanceDeletionEvent, chrome.exe, 2024
16:41:31:754, __InstanceDeletionEvent, chrome.exe, 2856
16:41:45:382, __InstanceDeletionEvent, chrome.exe, 11380
16:42:0:67, __InstanceDeletionEvent, chrome.exe, 16912
16:42:1:111, __InstanceCreationEvent, chrome.exe, 19256
16:42:1:116, __InstanceCreationEvent, chrome.exe, 392
16:42:1:116, __InstanceCreationEvent, chrome.exe, 5444
16:42:2:173, __InstanceDeletionEvent, chrome.exe, 392
16:42:2:178, __InstanceCreationEvent, chrome.exe, 10960
16:42:3:222, __InstanceDeletionEvent, chrome.exe, 19256
16:42:3:227, __InstanceDeletionEvent, chrome.exe, 2344
16:42:13:785, __InstanceCreationEvent, chrome.exe, 7380
16:42:13:789, __InstanceDeletionEvent, chrome.exe, 10960
16:42:29:529, __InstanceCreationEvent, chrome.exe, 15712
16:42:30:582, __InstanceCreationEvent, chrome.exe, 21264
16:42:45:245, __InstanceDeletionEvent, chrome.exe, 21264
16:42:49:449, __InstanceDeletionEvent, chrome.exe, 5444
16:42:49:449, __InstanceDeletionEvent, chrome.exe, 7380
16:42:51:555, __InstanceCreationEvent, chrome.exe, 9456
16:43:44:748, __InstanceDeletionEvent, chrome.exe, 11920
16:43:59:320, __InstanceDeletionEvent, svchost.exe, 21612
16:44:14:948, __InstanceCreationEvent, chrome.exe, 9064
16:44:50:338, __InstanceDeletionEvent, chrome.exe, 9064
16:45:15:288, __InstanceCreationEvent, chrome.exe, 8828
16:45:50:672, __InstanceDeletionEvent, chrome.exe, 8828
16:46:0:25, __InstanceDeletionEvent, chrome.exe, 13172
16:46:15:621, __InstanceCreationEvent, chrome.exe, 10140
16:46:15:621, __InstanceCreationEvent, chrome.exe, 11448
16:46:15:621, __InstanceCreationEvent, chrome.exe, 14896
16:46:16:657, __InstanceCreationEvent, chrome.exe, 11112
16:46:42:739, __InstanceDeletionEvent, chrome.exe, 14896
16:46:57:309, __InstanceCreationEvent, BackgroundDownload.exe, 11604
16:46:57:325, __InstanceCreationEvent, MoUsoCoreWorker.exe, 7940
16:46:58:373, __InstanceCreationEvent, UsoClient.exe, 10128
16:46:58:382, __InstanceCreationEvent, conhost.exe, 10644
16:46:58:382, __InstanceCreationEvent, taskhostw.exe, 11628
16:46:58:382, __InstanceCreationEvent, sc.exe, 11776
16:46:58:382, __InstanceCreationEvent, conhost.exe, 17256
16:46:58:382, __InstanceCreationEvent, svchost.exe, 19568
16:46:58:382, __InstanceCreationEvent, cleanmgr.exe, 22072
16:46:58:382, __InstanceCreationEvent, taskhostw.exe, 3236
16:46:58:382, __InstanceCreationEvent, rundll32.exe, 3868
16:46:58:382, __InstanceCreationEvent, svchost.exe, 8804
16:46:58:382, __InstanceCreationEvent, rundll32.exe, 9136
16:46:59:412, __InstanceCreationEvent, conhost.exe, 11736
16:46:59:412, __InstanceCreationEvent, svchost.exe, 16916
16:46:59:412, __InstanceCreationEvent, mscorsvw.exe, 17712
16:46:59:412, __InstanceCreationEvent, svchost.exe, 21076
16:46:59:412, __InstanceCreationEvent, conhost.exe, 5608
16:46:59:412, __InstanceCreationEvent, ngentask.exe, 9284
16:46:59:412, __InstanceCreationEvent, ngentask.exe, 9840
16:46:59:412, __InstanceCreationEvent, ngen.exe, 9900
16:46:59:427, __InstanceDeletionEvent, UsoClient.exe, 10128
16:46:59:427, __InstanceDeletionEvent, conhost.exe, 10644
16:46:59:427, __InstanceDeletionEvent, sc.exe, 11776
16:46:59:427, __InstanceDeletionEvent, conhost.exe, 17256
16:46:59:427, __InstanceDeletionEvent, rundll32.exe, 3868
16:46:59:427, __InstanceDeletionEvent, rundll32.exe, 9136
16:47:0:444, __InstanceCreationEvent, svchost.exe, 15120
16:47:0:444, __InstanceCreationEvent, DismHost.exe, 21880
16:47:0:460, __InstanceDeletionEvent, conhost.exe, 11736
16:47:0:460, __InstanceDeletionEvent, taskhostw.exe, 3236
16:47:0:460, __InstanceDeletionEvent, conhost.exe, 5608
16:47:0:460, __InstanceDeletionEvent, ngentask.exe, 9284
16:47:0:460, __InstanceDeletionEvent, ngentask.exe, 9840
16:47:3:576, __InstanceCreationEvent, TiWorker.exe, 2316
16:47:3:592, __InstanceCreationEvent, TrustedInstaller.exe, 4140
16:47:7:728, __InstanceDeletionEvent, DismHost.exe, 21880
16:47:7:743, __InstanceDeletionEvent, cleanmgr.exe, 22072
16:47:11:890, __InstanceDeletionEvent, chrome.exe, 10140
16:47:11:906, __InstanceDeletionEvent, chrome.exe, 9456
16:47:15:4, __InstanceDeletionEvent, svchost.exe, 14980
16:47:15:20, __InstanceCreationEvent, chrome.exe, 17420
16:47:22:264, __InstanceDeletionEvent, taskhostw.exe, 11628
16:47:23:311, __InstanceCreationEvent, conhost.exe, 22128
16:47:23:327, __InstanceCreationEvent, VSSVC.exe, 5904
16:47:23:327, __InstanceCreationEvent, SrTasks.exe, 9088
16:47:24:343, __InstanceCreationEvent, svchost.exe, 18556
16:47:24:359, __InstanceCreationEvent, UsoClient.exe, 3700
16:47:24:359, __InstanceCreationEvent, svchost.exe, 4192
16:47:24:359, __InstanceCreationEvent, taskhostw.exe, 4712
16:47:24:376, __InstanceDeletionEvent, conhost.exe, 22128
16:47:24:380, __InstanceDeletionEvent, SrTasks.exe, 9088
16:47:25:390, __InstanceDeletionEvent, UsoClient.exe, 3700
16:47:26:430, __InstanceCreationEvent, sppsvc.exe, 15496
16:47:31:658, __InstanceCreationEvent, WmiPrvSE.exe, 7368
16:47:31:674, __InstanceDeletionEvent, audiodg.exe, 13328
16:47:31:680, __InstanceCreationEvent, svchost.exe, 7848
16:47:42:72, __InstanceCreationEvent, SrTasks.exe, 13972
16:47:42:72, __InstanceCreationEvent, conhost.exe, 15024
16:47:42:72, __InstanceCreationEvent, svchost.exe, 21608
16:47:43:110, __InstanceCreationEvent, wermgr.exe, 14964
16:47:43:126, __InstanceCreationEvent, svchost.exe, 17128
16:47:45:195, __InstanceCreationEvent, BackgroundDownload.exe, 19060
16:47:47:297, __InstanceDeletionEvent, wermgr.exe, 14964
16:47:50:415, __InstanceDeletionEvent, chrome.exe, 17420
16:47:56:723, __InstanceDeletionEvent, SrTasks.exe, 13972
16:47:56:729, __InstanceDeletionEvent, conhost.exe, 15024
16:47:56:729, __InstanceDeletionEvent, sppsvc.exe, 15496
16:48:15:318, __InstanceCreationEvent, chrome.exe, 16952
16:48:17:450, __InstanceDeletionEvent, chrome.exe, 11112
16:48:24:700, __InstanceDeletionEvent, svchost.exe, 18556
16:48:27:827, __InstanceDeletionEvent, svchost.exe, 21608
16:48:27:827, __InstanceDeletionEvent, taskhostw.exe, 4712
16:48:50:557, __InstanceDeletionEvent, chrome.exe, 16952
16:49:9:137, __InstanceDeletionEvent, TiWorker.exe, 2316
16:49:9:137, __InstanceDeletionEvent, TrustedInstaller.exe, 4140
16:49:11:169, __InstanceCreationEvent, backgroundTaskHost.exe, 10664
16:49:12:216, __InstanceCreationEvent, RuntimeBroker.exe, 4632
16:49:12:216, __InstanceCreationEvent, RuntimeBroker.exe, 8248
16:49:15:314, __InstanceCreationEvent, chrome.exe, 20316
16:49:17:399, __InstanceDeletionEvent, backgroundTaskHost.exe, 10664
16:49:43:257, __InstanceDeletionEvent, svchost.exe, 17128
16:49:50:486, __InstanceDeletionEvent, chrome.exe, 20316
16:49:56:677, __InstanceDeletionEvent, RuntimeBroker.exe, 4632
16:49:56:693, __InstanceDeletionEvent, RuntimeBroker.exe, 8248
16:49:57:708, __InstanceCreationEvent, CompatTelRunner.exe, 20712
16:49:59:771, __InstanceCreationEvent, CompatTelRunner.exe, 17832
16:49:59:771, __InstanceDeletionEvent, CompatTelRunner.exe, 20712
16:50:2:882, __InstanceDeletionEvent, CompatTelRunner.exe, 17832
16:50:15:370, __InstanceCreationEvent, chrome.exe, 13500
16:50:50:570, __InstanceDeletionEvent, chrome.exe, 13500
16:50:52:635, __InstanceDeletionEvent, VSSVC.exe, 5904
16:50:57:799, __InstanceCreationEvent, CompatTelRunner.exe, 10632
16:50:58:830, __InstanceDeletionEvent, CompatTelRunner.exe, 10632
16:50:58:830, __InstanceCreationEvent, CompatTelRunner.exe, 14992
16:51:0:909, __InstanceCreationEvent, sppsvc.exe, 15160
16:51:1:942, __InstanceCreationEvent, OpenConsole.exe, 10028
16:51:1:942, __InstanceCreationEvent, conhost.exe, 12784
16:51:1:942, __InstanceCreationEvent, cmd.exe, 21832
16:51:1:942, __InstanceCreationEvent, WindowsTerminal.exe, 9596
16:51:2:985, __InstanceCreationEvent, chrome.exe, 21548
16:51:3:1, __InstanceCreationEvent, chrome.exe, 884
16:51:3:1, __InstanceDeletionEvent, OpenConsole.exe, 10028
16:51:3:1, __InstanceDeletionEvent, conhost.exe, 12784
16:51:3:1, __InstanceDeletionEvent, cmd.exe, 21832
16:51:3:1, __InstanceDeletionEvent, WindowsTerminal.exe, 9596
16:51:4:22, __InstanceCreationEvent, conhost.exe, 16088
16:51:4:37, __InstanceCreationEvent, powershell.exe, 2384
16:51:12:327, __InstanceDeletionEvent, conhost.exe, 16088
16:51:12:327, __InstanceDeletionEvent, powershell.exe, 2384
16:51:14:376, __InstanceCreationEvent, RuntimeBroker.exe, 13680
16:51:15:410, __InstanceCreationEvent, chrome.exe, 12352
16:51:15:426, __InstanceCreationEvent, chrome.exe, 6700
16:51:17:499, __InstanceDeletionEvent, CompatTelRunner.exe, 14992
16:51:30:933, __InstanceDeletionEvent, chrome.exe, 6700
16:51:31:967, __InstanceDeletionEvent, sppsvc.exe, 15160
16:51:45:420, __InstanceDeletionEvent, chrome.exe, 11448
16:51:47:486, __InstanceDeletionEvent, chrome.exe, 884
16:51:54:714, __InstanceDeletionEvent, RuntimeBroker.exe, 13680
16:52:15:419, __InstanceCreationEvent, svchost.exe, 14000
16:52:15:419, __InstanceCreationEvent, cltRT.exe, 14384
16:52:15:419, __InstanceCreationEvent, chrome.exe, 14984
16:52:16:460, __InstanceDeletionEvent, cltRT.exe, 14384
16:52:24:721, __InstanceDeletionEvent, svchost.exe, 8804
16:52:27:816, __InstanceCreationEvent, CompatTelRunner.exe, 17840
16:52:30:913, __InstanceCreationEvent, sppsvc.exe, 10576
16:52:30:928, __InstanceDeletionEvent, svchost.exe, 16000
16:52:30:928, __InstanceCreationEvent, taskhostw.exe, 21952
16:52:30:928, __InstanceCreationEvent, svchost.exe, 8408
16:52:30:928, __InstanceDeletionEvent, CompatTelRunner.exe, 17840
16:52:31:946, __InstanceDeletionEvent, taskhostw.exe, 21952
16:52:50:562, __InstanceDeletionEvent, chrome.exe, 14984
16:53:1:986, __InstanceDeletionEvent, sppsvc.exe, 10576
16:53:3:19, __InstanceDeletionEvent, chrome.exe, 21548
16:53:15:443, __InstanceCreationEvent, chrome.exe, 8760
16:53:31:32, __InstanceDeletionEvent, svchost.exe, 8408
16:53:34:158, __InstanceCreationEvent, symerr.exe, 11704
16:53:36:221, __InstanceDeletionEvent, symerr.exe, 11704
16:53:40:393, __InstanceCreationEvent, SearchProtocolHost.exe, 8220
16:53:43:503, __InstanceCreationEvent, WmiPrvSE.exe, 10700
16:53:50:768, __InstanceDeletionEvent, chrome.exe, 8760
16:53:52:862, __InstanceDeletionEvent, svchost.exe, 4192
16:54:15:629, __InstanceCreationEvent, chrome.exe, 7636
16:54:52:855, __InstanceDeletionEvent, chrome.exe, 7636
16:55:2:147, __InstanceCreationEvent, symerr.exe, 21324
16:55:3:179, __InstanceDeletionEvent, symerr.exe, 21324
16:55:15:607, __InstanceCreationEvent, chrome.exe, 10628
16:55:18:726, __InstanceCreationEvent, svchost.exe, 12860
16:55:18:726, __InstanceCreationEvent, svchost.exe, 13976
16:55:18:726, __InstanceCreationEvent, VSSVC.exe, 9356
16:55:19:759, __InstanceDeletionEvent, BackgroundDownload.exe, 19060
16:55:20:792, __InstanceDeletionEvent, SearchProtocolHost.exe, 8220
16:55:22:856, __InstanceCreationEvent, RuntimeBroker.exe, 1020
16:55:22:856, __InstanceDeletionEvent, BackgroundDownload.exe, 11604
16:55:22:871, __InstanceCreationEvent, RuntimeBroker.exe, 15192
16:55:31:113, __InstanceDeletionEvent, svchost.exe, 16916
16:55:50:722, __InstanceDeletionEvent, chrome.exe, 10628
16:56:3:124, __InstanceDeletionEvent, RuntimeBroker.exe, 1020
16:56:3:124, __InstanceDeletionEvent, RuntimeBroker.exe, 15192
16:56:15:522, __InstanceCreationEvent, chrome.exe, 20908
16:56:15:522, __InstanceCreationEvent, chrome.exe, 22496
16:56:15:537, __InstanceCreationEvent, chrome.exe, 5892
16:56:31:111, __InstanceDeletionEvent, chrome.exe, 20908
16:56:46:676, __InstanceDeletionEvent, chrome.exe, 12352
16:56:50:817, __InstanceDeletionEvent, chrome.exe, 22496
16:57:2:238, __InstanceCreationEvent, backgroundTaskHost.exe, 11380
16:57:3:270, __InstanceCreationEvent, RuntimeBroker.exe, 8288
16:57:3:270, __InstanceDeletionEvent, backgroundTaskHost.exe, 11380
16:57:14:692, __InstanceCreationEvent, chrome.exe, 17692
16:57:42:598, __InstanceDeletionEvent, RuntimeBroker.exe, 8288
16:57:50:857, __InstanceDeletionEvent, chrome.exe, 17692
16:58:15:649, __InstanceCreationEvent, chrome.exe, 9588
16:58:18:751, __InstanceDeletionEvent, VSSVC.exe, 9356
16:58:50:763, __InstanceDeletionEvent, chrome.exe, 9588
16:59:15:573, __InstanceCreationEvent, chrome.exe, 6524
16:59:50:714, __InstanceDeletionEvent, chrome.exe, 6524
17:0:15:545, __InstanceCreationEvent, chrome.exe, 22220
17:0:19:679, __InstanceDeletionEvent, svchost.exe, 12860
17:0:50:667, __InstanceDeletionEvent, chrome.exe, 22220
17:1:15:569, __InstanceCreationEvent, chrome.exe, 11080
17:1:15:569, __InstanceCreationEvent, chrome.exe, 13916
17:1:15:569, __InstanceCreationEvent, chrome.exe, 17356
17:1:15:569, __InstanceCreationEvent, chrome.exe, 20700
17:1:18:672, __InstanceDeletionEvent, svchost.exe, 13976
17:1:31:59, __InstanceDeletionEvent, chrome.exe, 20700
17:1:45:524, __InstanceDeletionEvent, chrome.exe, 5892
17:1:50:686, __InstanceDeletionEvent, chrome.exe, 13916
17:2:15:481, __InstanceCreationEvent, chrome.exe, 21772
17:2:15:481, __InstanceDeletionEvent, svchost.exe, 14000
17:2:45:429, __InstanceDeletionEvent, chrome.exe, 17356
17:2:50:591, __InstanceDeletionEvent, chrome.exe, 21772
17:3:15:360, __InstanceCreationEvent, chrome.exe, 10288
17:3:50:513, __InstanceDeletionEvent, chrome.exe, 10288
17:4:15:281, __InstanceCreationEvent, chrome.exe, 14704
17:4:50:370, __InstanceDeletionEvent, chrome.exe, 14704
17:5:15:144, __InstanceCreationEvent, chrome.exe, 5932
17:5:50:257, __InstanceDeletionEvent, chrome.exe, 5932
17:6:13:993, __InstanceCreationEvent, RuntimeBroker.exe, 20192
17:6:15:35, __InstanceCreationEvent, chrome.exe, 12412
17:6:15:35, __InstanceCreationEvent, chrome.exe, 15460
17:6:15:35, __InstanceCreationEvent, chrome.exe, 7908
17:6:31:575, __InstanceDeletionEvent, chrome.exe, 15460
17:6:46:21, __InstanceDeletionEvent, chrome.exe, 11080
17:6:50:153, __InstanceDeletionEvent, chrome.exe, 12412
17:6:54:280, __InstanceDeletionEvent, RuntimeBroker.exe, 20192
17:7:14:917, __InstanceCreationEvent, chrome.exe, 12836
17:7:14:933, __InstanceCreationEvent, svchost.exe, 17836
17:7:17:3, __InstanceCreationEvent, backgroundTaskHost.exe, 10192
17:7:17:3, __InstanceCreationEvent, RuntimeBroker.exe, 16992
17:7:17:3, __InstanceCreationEvent, svchost.exe, 9992
17:7:27:325, __InstanceCreationEvent, svchost.exe, 20428
17:7:50:64, __InstanceDeletionEvent, chrome.exe, 12836
17:8:8:666, __InstanceCreationEvent, chrome.exe, 12612
17:8:14:859, __InstanceCreationEvent, chrome.exe, 10028
17:8:20:39, __InstanceDeletionEvent, backgroundTaskHost.exe, 10192
17:8:49:969, __InstanceDeletionEvent, chrome.exe, 10028
17:8:49:969, __InstanceDeletionEvent, RuntimeBroker.exe, 16992
17:9:15:845, __InstanceCreationEvent, chrome.exe, 10324
17:9:50:951, __InstanceDeletionEvent, chrome.exe, 10324
17:10:15:770, __InstanceCreationEvent, chrome.exe, 19024
17:10:38:520, __InstanceDeletionEvent, chrome.exe, 12612
17:10:50:906, __InstanceDeletionEvent, chrome.exe, 19024
17:11:2:636, __InstanceCreationEvent, conhost.exe, 12760
17:11:2:636, __InstanceCreationEvent, OpenConsole.exe, 2136
17:11:2:636, __InstanceCreationEvent, cmd.exe, 2172
17:11:2:636, __InstanceCreationEvent, WindowsTerminal.exe, 22108
17:11:3:314, __InstanceDeletionEvent, conhost.exe, 12760
17:11:3:330, __InstanceDeletionEvent, OpenConsole.exe, 2136
17:11:3:330, __InstanceDeletionEvent, cmd.exe, 2172
17:11:3:330, __InstanceDeletionEvent, WindowsTerminal.exe, 22108
17:11:15:706, __InstanceCreationEvent, chrome.exe, 11612
17:11:15:706, __InstanceCreationEvent, chrome.exe, 16056
17:11:15:706, __InstanceCreationEvent, chrome.exe, 9124
17:11:31:280, __InstanceDeletionEvent, chrome.exe, 9124
17:11:45:793, __InstanceDeletionEvent, chrome.exe, 7908
17:11:49:939, __InstanceDeletionEvent, chrome.exe, 16056
17:12:15:762, __InstanceCreationEvent, chrome.exe, 9164
17:12:16:801, __InstanceDeletionEvent, svchost.exe, 9992
17:12:29:184, __InstanceDeletionEvent, svchost.exe, 20428
17:12:50:858, __InstanceDeletionEvent, chrome.exe, 9164
17:13:15:631, __InstanceCreationEvent, chrome.exe, 19104
17:13:50:730, __InstanceDeletionEvent, chrome.exe, 19104
17:14:15:524, __InstanceCreationEvent, chrome.exe, 10716
17:14:50:620, __InstanceDeletionEvent, chrome.exe, 10716
17:15:15:403, __InstanceCreationEvent, chrome.exe, 20172
17:15:50:510, __InstanceDeletionEvent, chrome.exe, 20172
17:16:15:301, __InstanceCreationEvent, chrome.exe, 17024
17:16:15:301, __InstanceCreationEvent, chrome.exe, 22112
17:16:15:317, __InstanceCreationEvent, chrome.exe, 2280
17:16:30:786, __InstanceDeletionEvent, chrome.exe, 22112
17:16:46:268, __InstanceDeletionEvent, chrome.exe, 11612
17:16:50:412, __InstanceDeletionEvent, chrome.exe, 17024
17:17:15:205, __InstanceDeletionEvent, svchost.exe, 17836
17:17:15:214, __InstanceCreationEvent, chrome.exe, 3532
17:17:24:536, __InstanceCreationEvent, LogonUI.exe, 13804
17:17:25:545, __InstanceCreationEvent, svchost.exe, 16192
17:17:25:561, __InstanceCreationEvent, svchost.exe, 20364
17:17:25:561, __InstanceCreationEvent, svchost.exe, 20844
17:17:25:561, __InstanceCreationEvent, VSSVC.exe, 20964
17:17:25:561, __InstanceCreationEvent, wermgr.exe, 21892
17:17:25:561, __InstanceCreationEvent, svchost.exe, 5784
19:38:5:28, __InstanceCreationEvent, MicrosoftEdgeUpdate.exe, 11540
19:38:5:238, __InstanceCreationEvent, conhost.exe, 16372
19:38:5:238, __InstanceCreationEvent, appidcertstorecheck.exe, 16852
19:38:5:238, __InstanceCreationEvent, taskhostw.exe, 18636
19:38:5:238, __InstanceCreationEvent, GoogleUpdate.exe, 20996
19:38:5:238, __InstanceCreationEvent, wermgr.exe, 9016
19:38:5:238, __InstanceCreationEvent, svchost.exe, 11856
19:38:5:238, __InstanceCreationEvent, AdobeARM.exe, 18560
19:38:5:238, __InstanceCreationEvent, wermgr.exe, 6424
19:38:5:238, __InstanceCreationEvent, GoogleUpdate.exe, 14112
19:38:5:367, __InstanceDeletionEvent, wermgr.exe, 21892
19:38:5:399, __InstanceDeletionEvent, MicrosoftEdgeUpdate.exe, 11540
19:38:5:399, __InstanceDeletionEvent, conhost.exe, 16372
19:38:5:399, __InstanceDeletionEvent, appidcertstorecheck.exe, 16852
19:38:5:399, __InstanceDeletionEvent, taskhostw.exe, 18636
19:38:5:399, __InstanceDeletionEvent, wermgr.exe, 9016
19:38:5:399, __InstanceDeletionEvent, GoogleUpdate.exe, 14112
19:38:5:399, __InstanceDeletionEvent, GoogleUpdate.exe, 20996
19:38:5:461, __InstanceCreationEvent, backgroundTaskHost.exe, 10064
19:38:5:461, __InstanceCreationEvent, backgroundTaskHost.exe, 10120
19:38:5:461, __InstanceCreationEvent, svchost.exe, 16952
19:38:5:461, __InstanceCreationEvent, dllhost.exe, 17424
19:38:5:461, __InstanceCreationEvent, chrome.exe, 19956
19:38:5:461, __InstanceCreationEvent, msteamsupdate.exe, 2420
19:38:5:461, __InstanceCreationEvent, backgroundTaskHost.exe, 5048
19:38:5:461, __InstanceCreationEvent, msteamsupdate.exe, 7616
19:38:5:461, __InstanceCreationEvent, svchost.exe, 8248
19:38:6:515, __InstanceDeletionEvent, AdobeARM.exe, 18560
19:38:6:525, __InstanceCreationEvent, chrome.exe, 11100
19:38:6:529, __InstanceCreationEvent, RuntimeBroker.exe, 21064
19:38:6:529, __InstanceCreationEvent, backgroundTaskHost.exe, 3468
19:38:6:529, __InstanceCreationEvent, RuntimeBroker.exe, 7892
19:38:6:529, __InstanceCreationEvent, audiodg.exe, 9596
19:38:7:576, __InstanceDeletionEvent, backgroundTaskHost.exe, 3468
19:38:8:635, __InstanceCreationEvent, svchost.exe, 16200
19:38:8:637, __InstanceCreationEvent, chrome.exe, 18412
19:38:10:774, __InstanceDeletionEvent, dllhost.exe, 17424
19:38:10:780, __InstanceCreationEvent, ctfmon.exe, 18520
19:38:17:32, __InstanceDeletionEvent, backgroundTaskHost.exe, 10064
19:38:18:94, __InstanceDeletionEvent, LogonUI.exe, 13804
19:38:21:219, __InstanceDeletionEvent, ctfmon.exe, 18520
19:38:21:235, __InstanceDeletionEvent, svchost.exe, 20364
19:38:26:479, __InstanceCreationEvent, svchost.exe, 12252
19:38:26:484, __InstanceCreationEvent, backgroundTaskHost.exe, 22524
19:38:27:518, __InstanceDeletionEvent, backgroundTaskHost.exe, 22524
19:38:35:933, __InstanceDeletionEvent, svchost.exe, 8248
19:38:41:135, __InstanceCreationEvent, dllhost.exe, 8284
19:38:45:331, __InstanceDeletionEvent, wermgr.exe, 6424
19:38:46:370, __InstanceDeletionEvent, dllhost.exe, 8284
19:38:47:417, __InstanceDeletionEvent, RuntimeBroker.exe, 7892
19:38:49:503, __InstanceCreationEvent, backgroundTaskHost.exe, 18460
19:38:55:770, __InstanceDeletionEvent, backgroundTaskHost.exe, 18460
19:38:56:829, __InstanceCreationEvent, chrome.exe, 13020
19:38:56:833, __InstanceCreationEvent, chrome.exe, 18684
19:39:6:259, __InstanceDeletionEvent, backgroundTaskHost.exe, 10120
19:39:6:263, __InstanceDeletionEvent, backgroundTaskHost.exe, 5048
19:39:6:263, __InstanceDeletionEvent, msteamsupdate.exe, 7616
19:39:8:374, __InstanceDeletionEvent, MoUsoCoreWorker.exe, 7940
19:39:10:466, __InstanceDeletionEvent, chrome.exe, 19956
19:39:11:536, __InstanceCreationEvent, backgroundTaskHost.exe, 13252
19:39:11:541, __InstanceCreationEvent, RuntimeBroker.exe, 18936
19:39:14:676, __InstanceCreationEvent, chrome.exe, 13916
19:39:15:693, __InstanceDeletionEvent, cpptools-srv.exe, 12820
19:39:15:698, __InstanceDeletionEvent, conhost.exe, 22484
19:39:19:901, __InstanceCreationEvent, chrome.exe, 11764
19:39:20:919, __InstanceDeletionEvent, chrome.exe, 11100
19:39:20:924, __InstanceDeletionEvent, chrome.exe, 13020
19:39:20:924, __InstanceDeletionEvent, chrome.exe, 13916
19:39:20:941, __InstanceCreationEvent, chrome.exe, 12900
19:39:20:947, __InstanceCreationEvent, chrome.exe, 14244
19:39:26:180, __InstanceCreationEvent, backgroundTaskHost.exe, 19452
19:39:26:185, __InstanceCreationEvent, RuntimeBroker.exe, 4228
19:39:27:231, __InstanceDeletionEvent, svchost.exe, 12252
19:39:35:607, __InstanceDeletionEvent, RuntimeBroker.exe, 21064
19:39:36:668, __InstanceDeletionEvent, chrome.exe, 2280
19:39:52:563, __InstanceDeletionEvent, svchost.exe, 5784
19:40:26:395, __InstanceDeletionEvent, backgroundTaskHost.exe, 13252
19:40:26:395, __InstanceDeletionEvent, backgroundTaskHost.exe, 19452
19:40:51:718, __InstanceDeletionEvent, VSSVC.exe, 20964
19:40:55:939, __InstanceDeletionEvent, RuntimeBroker.exe, 18936
19:40:56:988, __InstanceDeletionEvent, RuntimeBroker.exe, 4228
19:41:4:350, __InstanceCreationEvent, chrome.exe, 18424
19:41:5:396, __InstanceCreationEvent, chrome.exe, 16276
19:41:5:399, __InstanceCreationEvent, chrome.exe, 20676
19:41:26:456, __InstanceDeletionEvent, chrome.exe, 18424
19:41:26:456, __InstanceDeletionEvent, chrome.exe, 20676
19:41:40:133, __InstanceCreationEvent, FullTrustNotifier.exe, 8680
19:41:41:184, __InstanceDeletionEvent, FullTrustNotifier.exe, 8680
19:41:41:188, __InstanceCreationEvent, RuntimeBroker.exe, 8424
19:41:58:23, __InstanceDeletionEvent, svchost.exe, 16952
19:42:21:198, __InstanceDeletionEvent, RuntimeBroker.exe, 8424
19:42:29:617, __InstanceDeletionEvent, svchost.exe, 16200
19:43:5:475, __InstanceCreationEvent, chrome.exe, 12712
19:43:20:233, __InstanceCreationEvent, chrome.exe, 22052
19:43:20:247, __InstanceDeletionEvent, chrome.exe, 12712
19:43:38:16, __InstanceCreationEvent, RuntimeBroker.exe, 19844
19:43:38:16, __InstanceCreationEvent, backgroundTaskHost.exe, 2236
19:43:51:594, __InstanceDeletionEvent, svchost.exe, 20844
19:43:52:642, __InstanceCreationEvent, UsoClient.exe, 10488
19:43:52:646, __InstanceCreationEvent, MoUsoCoreWorker.exe, 21756
19:43:52:646, __InstanceCreationEvent, AdobeARM.exe, 8208
19:43:53:700, __InstanceDeletionEvent, UsoClient.exe, 10488
19:43:53:702, __InstanceDeletionEvent, AdobeARM.exe, 8208
19:44:20:960, __InstanceDeletionEvent, chrome.exe, 14244
19:44:22:20, __InstanceCreationEvent, chrome.exe, 22320
19:44:31:503, __InstanceDeletionEvent, chrome.exe, 22052
19:44:44:184, __InstanceCreationEvent, chrome.exe, 21568
19:44:52:636, __InstanceCreationEvent, chrome.exe, 8548
19:44:53:684, __InstanceDeletionEvent, MoUsoCoreWorker.exe, 21756
19:45:26:384, __InstanceDeletionEvent, svchost.exe, 16192
19:45:31:633, __InstanceDeletionEvent, chrome.exe, 22320
19:45:33:741, __InstanceCreationEvent, chrome.exe, 12612
19:45:56:892, __InstanceDeletionEvent, chrome.exe, 18684
19:46:2:119, __InstanceDeletionEvent, chrome.exe, 21568
19:46:3:168, __InstanceDeletionEvent, chrome.exe, 8548
19:46:5:290, __InstanceDeletionEvent, chrome.exe, 16276
19:46:5:294, __InstanceCreationEvent, chrome.exe, 12860
19:46:6:327, __InstanceCreationEvent, chrome.exe, 13808
19:46:7:382, __InstanceCreationEvent, chrome.exe, 20404
19:46:7:387, __InstanceCreationEvent, chrome.exe, 9484
19:46:8:446, __InstanceCreationEvent, chrome.exe, 17584
19:46:9:494, __InstanceDeletionEvent, chrome.exe, 13808
19:46:9:494, __InstanceDeletionEvent, chrome.exe, 9484
19:46:17:883, __InstanceCreationEvent, VSSVC.exe, 18244
19:46:17:887, __InstanceCreationEvent, svchost.exe, 19336
19:46:17:887, __InstanceCreationEvent, svchost.exe, 396
19:46:30:506, __InstanceDeletionEvent, chrome.exe, 20404
19:46:34:738, __InstanceDeletionEvent, chrome.exe, 12900
19:46:39:963, __InstanceCreationEvent, identity_helper.exe, 21392
19:46:48:303, __InstanceCreationEvent, chrome.exe, 15676
19:46:48:307, __InstanceCreationEvent, chrome.exe, 17624
19:46:49:348, __InstanceDeletionEvent, chrome.exe, 15676
19:46:49:352, __InstanceCreationEvent, chrome.exe, 11584
19:46:49:352, __InstanceCreationEvent, chrome.exe, 20824
19:46:49:358, __InstanceDeletionEvent, chrome.exe, 17584
19:46:49:358, __InstanceDeletionEvent, chrome.exe, 17624
19:46:50:394, __InstanceDeletionEvent, identity_helper.exe, 21392
19:46:56:659, __InstanceCreationEvent, chrome.exe, 17880
19:46:56:664, __InstanceCreationEvent, chrome.exe, 19012
19:46:59:832, __InstanceDeletionEvent, chrome.exe, 12860
19:47:25:113, __InstanceCreationEvent, chrome.exe, 17020
19:47:39:897, __InstanceDeletionEvent, chrome.exe, 17020
19:47:53:432, __InstanceDeletionEvent, svchost.exe, 11856
19:48:0:730, __InstanceDeletionEvent, svchost.exe, 7848
19:48:5:950, __InstanceCreationEvent, smartscreen.exe, 10408
19:48:31:16, __InstanceDeletionEvent, WmiPrvSE.exe, 7368
19:48:58:385, __InstanceCreationEvent, SearchProtocolHost.exe, 15452
19:48:58:385, __InstanceCreationEvent, SearchFilterHost.exe, 5556
19:49:18:137, __InstanceDeletionEvent, VSSVC.exe, 18244
19:49:22:337, __InstanceDeletionEvent, chrome.exe, 17880
19:49:25:501, __InstanceCreationEvent, chrome.exe, 21080
19:49:34:971, __InstanceDeletionEvent, chrome.exe, 11584
19:49:34:971, __InstanceDeletionEvent, chrome.exe, 21080
19:49:36:30, __InstanceDeletionEvent, chrome.exe, 20824
19:50:5:114, __InstanceDeletionEvent, chrome.exe, 12612
19:50:36:275, __InstanceDeletionEvent, chrome.exe, 3532
19:51:2:243, __InstanceCreationEvent, chrome.exe, 19936
19:51:5:359, __InstanceCreationEvent, chrome.exe, 17060
19:51:6:394, __InstanceCreationEvent, chrome.exe, 3756
19:51:18:827, __InstanceDeletionEvent, svchost.exe, 19336
19:51:20:893, __InstanceDeletionEvent, chrome.exe, 17060
19:51:21:927, __InstanceDeletionEvent, svchost.exe, 15120
19:51:36:444, __InstanceDeletionEvent, chrome.exe, 19012
19:51:38:511, __InstanceDeletionEvent, chrome.exe, 19936
19:51:40:578, __InstanceDeletionEvent, SearchFilterHost.exe, 5556
19:51:40:578, __InstanceDeletionEvent, audiodg.exe, 9596
19:51:51:978, __InstanceDeletionEvent, SearchProtocolHost.exe, 15452
19:52:5:429, __InstanceCreationEvent, chrome.exe, 11076
19:52:10:629, __InstanceDeletionEvent, chrome.exe, 18412
19:52:17:897, __InstanceDeletionEvent, svchost.exe, 396
19:52:40:698, __InstanceDeletionEvent, chrome.exe, 11076
19:53:5:549, __InstanceCreationEvent, chrome.exe, 11172
19:53:5:549, __InstanceDeletionEvent, smartscreen.exe, 10408
19:53:5:549, __InstanceCreationEvent, svchost.exe, 9764
19:53:40:753, __InstanceDeletionEvent, chrome.exe, 11172
19:54:5:636, __InstanceCreationEvent, chrome.exe, 6628
19:54:40:871, __InstanceDeletionEvent, chrome.exe, 6628
19:55:5:722, __InstanceCreationEvent, chrome.exe, 13272
19:55:38:824, __InstanceCreationEvent, symerr.exe, 1516
19:55:39:857, __InstanceDeletionEvent, symerr.exe, 1516
19:55:40:891, __InstanceDeletionEvent, chrome.exe, 13272
19:56:5:744, __InstanceCreationEvent, chrome.exe, 10200
19:56:5:744, __InstanceCreationEvent, chrome.exe, 16000
19:56:5:744, __InstanceCreationEvent, chrome.exe, 16396
19:56:21:276, __InstanceDeletionEvent, chrome.exe, 16000
19:56:22:310, __InstanceDeletionEvent, svchost.exe, 21076
19:56:36:794, __InstanceDeletionEvent, chrome.exe, 3756
19:56:40:927, __InstanceCreationEvent, RuntimeBroker.exe, 11380
19:56:40:927, __InstanceDeletionEvent, chrome.exe, 16396
19:57:5:812, __InstanceCreationEvent, chrome.exe, 15176
19:57:20:296, __InstanceDeletionEvent, RuntimeBroker.exe, 11380
19:57:42:97, __InstanceDeletionEvent, chrome.exe, 15176
19:58:5:882, __InstanceCreationEvent, chrome.exe, 20880
19:58:18:316, __InstanceCreationEvent, backgroundTaskHost.exe, 10640
19:58:18:316, __InstanceCreationEvent, svchost.exe, 12640
19:58:18:316, __InstanceCreationEvent, svchost.exe, 20192
19:58:18:316, __InstanceCreationEvent, RuntimeBroker.exe, 20376
19:58:41:117, __InstanceDeletionEvent, chrome.exe, 20880
19:59:5:969, __InstanceCreationEvent, chrome.exe, 20456
19:59:21:569, __InstanceDeletionEvent, backgroundTaskHost.exe, 10640
19:59:43:396, __InstanceCreationEvent, chrome.exe, 11964
19:59:44:440, __InstanceCreationEvent, chrome.exe, 12520
19:59:51:765, __InstanceDeletionEvent, RuntimeBroker.exe, 20376
20:1:2:689, __InstanceDeletionEvent, chrome.exe, 20456
20:1:5:792, __InstanceCreationEvent, chrome.exe, 17300
20:1:5:807, __InstanceCreationEvent, chrome.exe, 21248
20:1:5:807, __InstanceCreationEvent, chrome.exe, 5840
20:1:19:381, __InstanceDeletionEvent, chrome.exe, 10200
20:1:21:459, __InstanceDeletionEvent, chrome.exe, 21248
20:1:36:27, __InstanceDeletionEvent, chrome.exe, 11964
20:1:49:572, __InstanceDeletionEvent, chrome.exe, 5840
20:1:56:861, __InstanceCreationEvent, chrome.exe, 19048
20:2:14:645, __InstanceDeletionEvent, chrome.exe, 12520
20:2:31:296, __InstanceCreationEvent, chrome.exe, 10480
20:2:32:336, __InstanceCreationEvent, chrome.exe, 19840
20:2:59:469, __InstanceDeletionEvent, chrome.exe, 17300
20:3:5:713, __InstanceDeletionEvent, svchost.exe, 9764
20:3:18:214, __InstanceDeletionEvent, svchost.exe, 12640
20:3:18:214, __InstanceDeletionEvent, svchost.exe, 20192
20:3:31:731, __InstanceDeletionEvent, chrome.exe, 19840
20:3:36:945, __InstanceDeletionEvent, chrome.exe, 19048
20:4:6:150, __InstanceCreationEvent, chrome.exe, 14788
20:4:39:702, __InstanceCreationEvent, chrome.exe, 21860
20:4:40:753, __InstanceCreationEvent, chrome.exe, 7132
20:4:59:718, __InstanceCreationEvent, chrome.exe, 18648
20:5:0:768, __InstanceDeletionEvent, chrome.exe, 21860
20:5:32:23, __InstanceDeletionEvent, chrome.exe, 10480
20:5:36:208, __InstanceDeletionEvent, chrome.exe, 14788
20:5:40:355, __InstanceDeletionEvent, chrome.exe, 7132
20:6:6:400, __InstanceCreationEvent, chrome.exe, 12200
20:6:6:404, __InstanceCreationEvent, chrome.exe, 12760
20:6:6:404, __InstanceCreationEvent, chrome.exe, 13872
20:6:6:404, __InstanceCreationEvent, chrome.exe, 21740
20:6:6:404, __InstanceCreationEvent, chrome.exe, 7056
20:6:22:22, __InstanceDeletionEvent, chrome.exe, 12200
20:6:36:594, __InstanceDeletionEvent, chrome.exe, 13872
20:6:42:862, __InstanceDeletionEvent, chrome.exe, 7056
20:6:43:912, __InstanceCreationEvent, chrome.exe, 15736
20:8:5:542, __InstanceCreationEvent, svchost.exe, 19900
20:8:35:795, __InstanceDeletionEvent, chrome.exe, 15736
20:8:59:741, __InstanceCreationEvent, chrome.exe, 5416
20:9:38:301, __InstanceDeletionEvent, chrome.exe, 5416
20:10:5:486, __InstanceCreationEvent, chrome.exe, 16648
20:10:8:640, __InstanceDeletionEvent, chrome.exe, 18648
20:10:40:989, __InstanceDeletionEvent, chrome.exe, 16648
20:11:1:838, __InstanceCreationEvent, cmd.exe, 19524
20:11:1:847, __InstanceCreationEvent, conhost.exe, 22500
20:11:1:847, __InstanceCreationEvent, OpenConsole.exe, 2936
20:11:1:847, __InstanceCreationEvent, WindowsTerminal.exe, 4664
20:11:2:871, __InstanceCreationEvent, chrome.exe, 12964
20:11:2:871, __InstanceDeletionEvent, cmd.exe, 19524
20:11:2:871, __InstanceDeletionEvent, conhost.exe, 22500
20:11:2:871, __InstanceDeletionEvent, OpenConsole.exe, 2936
20:11:2:871, __InstanceDeletionEvent, WindowsTerminal.exe, 4664
20:11:5:970, __InstanceCreationEvent, chrome.exe, 22168
20:11:5:970, __InstanceCreationEvent, chrome.exe, 3988
20:11:21:591, __InstanceDeletionEvent, chrome.exe, 22168
20:11:36:189, __InstanceDeletionEvent, chrome.exe, 12760
20:11:40:377, __InstanceCreationEvent, RuntimeBroker.exe, 21044
20:11:59:177, __InstanceDeletionEvent, chrome.exe, 12964
20:12:5:481, __InstanceCreationEvent, chrome.exe, 13348
20:12:21:175, __InstanceDeletionEvent, RuntimeBroker.exe, 21044
20:12:37:866, __InstanceCreationEvent, audiodg.exe, 22388
20:12:41:8, __InstanceDeletionEvent, chrome.exe, 13348
20:12:44:154, __InstanceCreationEvent, chrome.exe, 14816
20:12:44:159, __InstanceCreationEvent, chrome.exe, 18144
20:12:44:159, __InstanceCreationEvent, chrome.exe, 18568
20:12:45:208, __InstanceCreationEvent, chrome.exe, 22304
20:12:46:260, __InstanceDeletionEvent, chrome.exe, 18144
20:12:46:266, __InstanceCreationEvent, chrome.exe, 19836
20:12:46:269, __InstanceDeletionEvent, chrome.exe, 18568
20:12:46:269, __InstanceDeletionEvent, chrome.exe, 3988
20:12:52:556, __InstanceCreationEvent, chrome.exe, 14736
20:13:24:195, __InstanceCreationEvent, chrome.exe, 20540
20:14:16:944, __InstanceCreationEvent, chrome.exe, 12528
20:14:16:948, __InstanceCreationEvent, chrome.exe, 21768
20:14:31:568, __InstanceDeletionEvent, chrome.exe, 21768
20:14:37:818, __InstanceDeletionEvent, backgroundTaskHost.exe, 2236
20:15:8:170, __InstanceDeletionEvent, RuntimeBroker.exe, 19844
20:15:29:123, __InstanceDeletionEvent, chrome.exe, 14736
20:15:30:191, __InstanceCreationEvent, chrome.exe, 5680
20:15:40:646, __InstanceCreationEvent, chrome.exe, 10488
20:15:44:841, __InstanceDeletionEvent, chrome.exe, 19836
20:16:1:559, __InstanceDeletionEvent, chrome.exe, 5680
20:16:3:655, __InstanceDeletionEvent, chrome.exe, 12528
20:16:5:753, __InstanceCreationEvent, chrome.exe, 21272
20:16:5:769, __InstanceCreationEvent, chrome.exe, 21780
20:16:6:805, __InstanceDeletionEvent, chrome.exe, 15712
20:16:6:811, __InstanceCreationEvent, chrome.exe, 12424
20:16:17:219, __InstanceDeletionEvent, chrome.exe, 20540
20:16:22:424, __InstanceDeletionEvent, chrome.exe, 21272
20:16:25:568, __InstanceCreationEvent, chrome.exe, 21140
20:16:25:571, __InstanceCreationEvent, chrome.exe, 8696
20:16:28:689, __InstanceCreationEvent, chrome.exe, 20080
20:16:30:783, __InstanceCreationEvent, chrome.exe, 11792
20:16:37:70, __InstanceDeletionEvent, chrome.exe, 10488
20:16:39:177, __InstanceCreationEvent, chrome.exe, 4296
20:16:40:231, __InstanceDeletionEvent, chrome.exe, 12424
20:16:40:237, __InstanceCreationEvent, chrome.exe, 11552
20:16:40:240, __InstanceDeletionEvent, chrome.exe, 21140
20:16:40:240, __InstanceDeletionEvent, chrome.exe, 8696
20:16:46:520, __InstanceDeletionEvent, chrome.exe, 22304
20:16:46:524, __InstanceCreationEvent, chrome.exe, 11124
20:17:2:243, __InstanceDeletionEvent, chrome.exe, 4296
20:17:15:791, __InstanceDeletionEvent, chrome.exe, 11552
20:17:15:791, __InstanceDeletionEvent, chrome.exe, 11792
20:17:17:890, __InstanceCreationEvent, chrome.exe, 1356
20:17:17:894, __InstanceCreationEvent, chrome.exe, 18440
20:17:17:894, __InstanceCreationEvent, chrome.exe, 4512
20:17:18:941, __InstanceDeletionEvent, chrome.exe, 4512
20:17:22:56, __InstanceCreationEvent, chrome.exe, 12072
20:17:31:464, __InstanceDeletionEvent, chrome.exe, 11124
20:17:32:527, __InstanceDeletionEvent, chrome.exe, 1356
20:17:32:527, __InstanceDeletionEvent, chrome.exe, 18440
20:18:5:828, __InstanceDeletionEvent, svchost.exe, 19900
20:18:35:963, __InstanceDeletionEvent, chrome.exe, 14816
20:19:6:146, __InstanceCreationEvent, chrome.exe, 5832
20:19:37:416, __InstanceDeletionEvent, chrome.exe, 21740
20:19:41:579, __InstanceDeletionEvent, chrome.exe, 5832
20:20:5:467, __InstanceCreationEvent, chrome.exe, 6628
20:20:40:920, __InstanceDeletionEvent, chrome.exe, 6628
20:20:46:95, __InstanceDeletionEvent, audiodg.exe, 22388
20:21:5:886, __InstanceCreationEvent, chrome.exe, 14744
20:21:5:886, __InstanceCreationEvent, chrome.exe, 14864
20:21:5:901, __InstanceCreationEvent, chrome.exe, 21568
20:21:21:486, __InstanceDeletionEvent, chrome.exe, 21568
20:21:36:57, __InstanceDeletionEvent, chrome.exe, 12072
20:21:41:254, __InstanceDeletionEvent, chrome.exe, 14744
20:22:6:204, __InstanceCreationEvent, chrome.exe, 10504
20:22:22:818, __InstanceCreationEvent, MoUsoCoreWorker.exe, 19656
20:22:41:539, __InstanceDeletionEvent, chrome.exe, 10504
20:23:5:475, __InstanceCreationEvent, svchost.exe, 17656
20:23:5:475, __InstanceCreationEvent, chrome.exe, 8532
20:23:24:203, __InstanceDeletionEvent, MoUsoCoreWorker.exe, 19656
20:23:42:851, __InstanceDeletionEvent, chrome.exe, 8532
20:23:44:927, __InstanceCreationEvent, chrome.exe, 9588
20:23:45:964, __InstanceCreationEvent, chrome.exe, 12632
20:23:45:980, __InstanceDeletionEvent, chrome.exe, 9588
20:24:0:646, __InstanceDeletionEvent, chrome.exe, 12632
20:24:5:861, __InstanceCreationEvent, chrome.exe, 17892
20:24:14:213, __InstanceDeletionEvent, chrome.exe, 20080
20:24:41:424, __InstanceDeletionEvent, chrome.exe, 17892
20:25:6:479, __InstanceCreationEvent, chrome.exe, 17128
20:25:29:558, __InstanceCreationEvent, chrome.exe, 22100
20:25:30:611, __InstanceCreationEvent, chrome.exe, 22144
20:25:30:618, __InstanceDeletionEvent, chrome.exe, 22100
20:25:40:956, __InstanceDeletionEvent, chrome.exe, 17128
20:25:48:184, __InstanceCreationEvent, symerr.exe, 11364
20:25:49:217, __InstanceDeletionEvent, symerr.exe, 11364
20:26:5:748, __InstanceCreationEvent, chrome.exe, 5064
20:26:5:748, __InstanceCreationEvent, chrome.exe, 5356
20:26:5:748, __InstanceCreationEvent, chrome.exe, 8144
20:26:22:274, __InstanceDeletionEvent, chrome.exe, 5356
20:26:31:563, __InstanceDeletionEvent, chrome.exe, 22144
20:26:36:749, __InstanceDeletionEvent, chrome.exe, 14864
20:26:40:877, __InstanceDeletionEvent, chrome.exe, 8144
20:26:40:877, __InstanceCreationEvent, RuntimeBroker.exe, 4516
20:26:40:877, __InstanceCreationEvent, FullTrustNotifier.exe, 8804
20:26:41:909, __InstanceDeletionEvent, FullTrustNotifier.exe, 8804
20:27:5:647, __InstanceCreationEvent, chrome.exe, 10628
20:27:21:140, __InstanceDeletionEvent, RuntimeBroker.exe, 4516
20:27:40:751, __InstanceDeletionEvent, chrome.exe, 10628
20:28:5:482, __InstanceCreationEvent, chrome.exe, 10964
20:28:41:554, __InstanceDeletionEvent, chrome.exe, 10964
20:29:6:351, __InstanceCreationEvent, chrome.exe, 15140
20:29:41:484, __InstanceDeletionEvent, chrome.exe, 15140
20:30:6:304, __InstanceCreationEvent, chrome.exe, 13336
20:30:41:396, __InstanceDeletionEvent, chrome.exe, 13336
20:31:2:47, __InstanceCreationEvent, OpenConsole.exe, 14460
20:31:2:47, __InstanceCreationEvent, conhost.exe, 19900
20:31:2:47, __InstanceCreationEvent, WindowsTerminal.exe, 21368
20:31:3:85, __InstanceDeletionEvent, OpenConsole.exe, 14460
20:31:3:85, __InstanceDeletionEvent, conhost.exe, 19900
20:31:3:85, __InstanceDeletionEvent, WindowsTerminal.exe, 21368
20:31:6:191, __InstanceCreationEvent, chrome.exe, 10940
20:31:6:191, __InstanceCreationEvent, chrome.exe, 21228
20:31:6:191, __InstanceCreationEvent, chrome.exe, 9796
20:31:8:273, __InstanceCreationEvent, chrome.exe, 13084
20:31:23:768, __InstanceDeletionEvent, chrome.exe, 10940
20:31:38:232, __InstanceDeletionEvent, chrome.exe, 5064
20:31:41:343, __InstanceDeletionEvent, chrome.exe, 21228
20:32:6:120, __InstanceCreationEvent, chrome.exe, 22336
20:32:8:193, __InstanceDeletionEvent, chrome.exe, 13084
20:32:41:215, __InstanceDeletionEvent, chrome.exe, 22336
20:33:5:988, __InstanceDeletionEvent, svchost.exe, 17656
20:33:5:988, __InstanceCreationEvent, chrome.exe, 22308
20:33:24:605, __InstanceCreationEvent, LogonUI.exe, 15808
20:33:24:610, __InstanceCreationEvent, svchost.exe, 17392
23:33:39:34, __InstanceCreationEvent, RuntimeBroker.exe, 21876
23:33:39:66, __InstanceDeletionEvent, wermgr.exe, 10096
23:33:39:160, __InstanceCreationEvent, taskhostw.exe, 6328
23:33:39:160, __InstanceCreationEvent, AdobeARM.exe, 8132
23:33:39:160, __InstanceCreationEvent, backgroundTaskHost.exe, 820
23:33:39:160, __InstanceCreationEvent, svchost.exe, 9936
23:33:39:160, __InstanceCreationEvent, wermgr.exe, 10096
23:33:39:160, __InstanceCreationEvent, MoUsoCoreWorker.exe, 13808
23:33:39:160, __InstanceCreationEvent, msteamsupdate.exe, 18860
23:33:39:160, __InstanceCreationEvent, svchost.exe, 7336
23:33:40:103, __InstanceCreationEvent, svchost.exe, 19428
23:33:40:103, __InstanceCreationEvent, dllhost.exe, 3192
23:33:40:103, __InstanceCreationEvent, svchost.exe, 688
23:33:40:123, __InstanceDeletionEvent, taskhostw.exe, 6328
23:33:40:134, __InstanceDeletionEvent, AdobeARM.exe, 8132
17:16:48:913, __InstanceCreationEvent, MicrosoftEdgeUpdate.exe, 11164
17:16:49:475, __InstanceCreationEvent, taskhostw.exe, 15104
17:16:49:475, __InstanceCreationEvent, backgroundTaskHost.exe, 16120
17:16:49:475, __InstanceCreationEvent, upfc.exe, 1720
17:16:49:475, __InstanceCreationEvent, backgroundTaskHost.exe, 17412
17:16:49:475, __InstanceCreationEvent, taskhostw.exe, 18532
17:16:49:475, __InstanceCreationEvent, GoogleUpdate.exe, 22076
17:16:49:475, __InstanceCreationEvent, AdobeARM.exe, 22256
17:16:49:475, __InstanceCreationEvent, backgroundTaskHost.exe, 2244
17:16:49:475, __InstanceCreationEvent, dmclient.exe, 2820
17:16:49:584, __InstanceCreationEvent, svchost.exe, 12636
17:16:49:584, __InstanceCreationEvent, svchost.exe, 15792
17:16:49:714, __InstanceDeletionEvent, conhost.exe, 15364
17:16:49:777, __InstanceDeletionEvent, taskhostw.exe, 18532
17:16:49:777, __InstanceDeletionEvent, dmclient.exe, 2820
17:16:50:420, __InstanceCreationEvent, chrome.exe, 10092
17:16:50:420, __InstanceCreationEvent, taskhostw.exe, 13300
17:16:50:420, __InstanceCreationEvent, chrome.exe, 14080
17:16:50:420, __InstanceCreationEvent, svchost.exe, 16468
17:16:50:420, __InstanceCreationEvent, TiWorker.exe, 18948
17:16:50:420, __InstanceCreationEvent, TrustedInstaller.exe, 20276
17:16:50:420, __InstanceCreationEvent, msedge.exe, 22316
17:16:50:420, __InstanceCreationEvent, chrome.exe, 2616
17:16:50:420, __InstanceCreationEvent, svchost.exe, 4412
17:16:50:467, __InstanceDeletionEvent, chrome.exe, 22308
17:16:50:467, __InstanceDeletionEvent, msteamsupdate.exe, 2420
17:16:50:467, __InstanceDeletionEvent, dllhost.exe, 3192
17:16:51:518, __InstanceCreationEvent, chrome.exe, 11272
17:16:51:659, __InstanceCreationEvent, ctfmon.exe, 15560
17:16:51:659, __InstanceCreationEvent, sppsvc.exe, 18356
17:16:51:659, __InstanceCreationEvent, RuntimeBroker.exe, 21124
17:16:51:678, __InstanceDeletionEvent, backgroundTaskHost.exe, 17412
17:16:51:678, __InstanceDeletionEvent, msteamsupdate.exe, 18860
17:16:52:759, __InstanceCreationEvent, audiodg.exe, 18976
17:16:52:822, __InstanceDeletionEvent, AdobeARM.exe, 22256
17:16:54:648, __InstanceCreationEvent, dllhost.exe, 8484
17:16:54:758, __InstanceDeletionEvent, LogonUI.exe, 15808
17:16:55:802, __InstanceDeletionEvent, taskhostw.exe, 15104
17:16:57:788, __InstanceCreationEvent, svchost.exe, 11232
17:16:57:901, __InstanceDeletionEvent, ctfmon.exe, 15560
17:16:59:991, __InstanceDeletionEvent, chrome.exe, 12784
17:16:59:991, __InstanceDeletionEvent, dllhost.exe, 8484
17:17:2:79, __InstanceDeletionEvent, svchost.exe, 16468
17:17:2:79, __InstanceDeletionEvent, svchost.exe, 17392
17:17:8:304, __InstanceDeletionEvent, chrome.exe, 14080
17:17:10:348, __InstanceCreationEvent, chrome.exe, 19220
17:17:11:401, __InstanceCreationEvent, smartscreen.exe, 13272
17:17:11:406, __InstanceCreationEvent, chrome.exe, 19344
17:17:12:447, __InstanceCreationEvent, chrome.exe, 21964
17:17:13:556, __InstanceDeletionEvent, taskhostw.exe, 13300
17:17:15:646, __InstanceDeletionEvent, chrome.exe, 10092
17:17:15:650, __InstanceDeletionEvent, chrome.exe, 19220
17:17:18:737, __InstanceCreationEvent, SIHClient.exe, 16008
17:17:18:785, __InstanceDeletionEvent, upfc.exe, 1720
17:17:19:785, __InstanceCreationEvent, GoogleUpdate.exe, 18048
17:17:19:790, __InstanceCreationEvent, chrome.exe, 21892
17:17:19:831, __InstanceDeletionEvent, svchost.exe, 15792
17:17:20:872, __InstanceDeletionEvent, GoogleUpdate.exe, 18048
17:17:20:877, __InstanceDeletionEvent, GoogleUpdate.exe, 22076
17:17:20:877, __InstanceDeletionEvent, msedge.exe, 22316
17:17:25:54, __InstanceDeletionEvent, chrome.exe, 9796
17:17:26:110, __InstanceDeletionEvent, SIHClient.exe, 16008
17:17:28:128, __InstanceCreationEvent, chrome.exe, 11784
17:17:31:357, __InstanceDeletionEvent, RuntimeBroker.exe, 21124
17:17:35:253, __InstanceCreationEvent, backgroundTaskHost.exe, 11012
17:17:35:269, __InstanceCreationEvent, backgroundTaskHost.exe, 20292
17:17:35:269, __InstanceCreationEvent, RuntimeBroker.exe, 20864
17:17:35:269, __InstanceCreationEvent, RuntimeBroker.exe, 9604
17:17:35:322, __InstanceDeletionEvent, svchost.exe, 19568
17:17:36:303, __InstanceCreationEvent, svchost.exe, 9816
17:17:39:454, __InstanceCreationEvent, BackgroundTransferHost.exe, 20888
17:17:40:535, __InstanceDeletionEvent, sppsvc.exe, 18356
17:17:46:784, __InstanceCreationEvent, MicrosoftEdgeUpdate.exe, 332
17:17:47:832, __InstanceCreationEvent, backgroundTaskHost.exe, 13456
17:17:47:832, __InstanceCreationEvent, MicrosoftEdgeUpdate.exe, 22196
17:17:47:872, __InstanceDeletionEvent, backgroundTaskHost.exe, 11012
17:17:47:872, __InstanceDeletionEvent, MicrosoftEdgeUpdate.exe, 11164
17:17:47:872, __InstanceDeletionEvent, BackgroundTransferHost.exe, 20888
17:17:48:923, __InstanceDeletionEvent, backgroundTaskHost.exe, 13456
17:17:52:54, __InstanceDeletionEvent, backgroundTaskHost.exe, 16120
17:17:52:54, __InstanceDeletionEvent, backgroundTaskHost.exe, 2244
17:17:53:102, __InstanceDeletionEvent, svchost.exe, 4412
17:17:54:160, __InstanceDeletionEvent, backgroundTaskHost.exe, 820
17:18:5:618, __InstanceCreationEvent, backgroundTaskHost.exe, 16616
17:18:5:623, __InstanceCreationEvent, RuntimeBroker.exe, 17392
17:18:9:848, __InstanceCreationEvent, backgroundTaskHost.exe, 16592
17:18:9:854, __InstanceCreationEvent, RuntimeBroker.exe, 8240
17:18:17:214, __InstanceDeletionEvent, RuntimeBroker.exe, 20864
17:18:24:543, __InstanceDeletionEvent, RuntimeBroker.exe, 21876
17:18:34:956, __InstanceCreationEvent, backgroundTaskHost.exe, 18784
17:18:34:956, __InstanceCreationEvent, backgroundTaskHost.exe, 2116
17:18:34:956, __InstanceCreationEvent, RuntimeBroker.exe, 884
17:18:35:989, __InstanceCreationEvent, cltRT.exe, 20764
17:18:36:24, __InstanceDeletionEvent, svchost.exe, 9816
17:18:37:65, __InstanceDeletionEvent, cltRT.exe, 20764
17:18:38:107, __InstanceDeletionEvent, MoUsoCoreWorker.exe, 13808
17:18:53:793, __InstanceDeletionEvent, chrome.exe, 11272
17:19:4:260, __InstanceDeletionEvent, MicrosoftEdgeUpdate.exe, 22196
17:19:4:260, __InstanceDeletionEvent, MicrosoftEdgeUpdate.exe, 332
17:19:5:310, __InstanceDeletionEvent, backgroundTaskHost.exe, 16616
17:19:7:394, __InstanceDeletionEvent, TiWorker.exe, 18948
17:19:7:394, __InstanceDeletionEvent, TrustedInstaller.exe, 20276
17:19:16:802, __InstanceCreationEvent, chrome.exe, 12232
17:19:19:969, __InstanceCreationEvent, chrome.exe, 10024
17:19:25:240, __InstanceDeletionEvent, backgroundTaskHost.exe, 16592
17:19:35:728, __InstanceDeletionEvent, RuntimeBroker.exe, 17392
17:19:35:728, __InstanceDeletionEvent, backgroundTaskHost.exe, 18784
17:19:35:728, __InstanceDeletionEvent, backgroundTaskHost.exe, 2116
17:19:52:451, __InstanceCreationEvent, taskhostw.exe, 16596
17:19:54:546, __InstanceDeletionEvent, RuntimeBroker.exe, 8240
17:20:0:796, __InstanceCreationEvent, sppsvc.exe, 21904
17:20:2:880, __InstanceCreationEvent, svchost.exe, 10012
17:20:4:980, __InstanceDeletionEvent, RuntimeBroker.exe, 884
17:20:6:30, __InstanceCreationEvent, svchost.exe, 22392
17:20:7:97, __InstanceCreationEvent, BackgroundTransferHost.exe, 12308
17:20:9:190, __InstanceDeletionEvent, taskhostw.exe, 16596
17:20:35:332, __InstanceDeletionEvent, RuntimeBroker.exe, 9604
17:20:36:382, __InstanceDeletionEvent, sppsvc.exe, 21904
17:20:52:83, __InstanceCreationEvent, chrome.exe, 13724
17:20:52:99, __InstanceCreationEvent, chrome.exe, 9820
17:21:2:550, __InstanceCreationEvent, taskhostw.exe, 3088
17:21:2:566, __InstanceCreationEvent, sppsvc.exe, 5868
17:21:3:585, __InstanceDeletionEvent, taskhostw.exe, 3088
17:21:9:867, __InstanceDeletionEvent, BackgroundTransferHost.exe, 12308
17:21:32:973, __InstanceDeletionEvent, sppsvc.exe, 5868
17:21:47:652, __InstanceDeletionEvent, svchost.exe, 19428
17:22:2:303, __InstanceDeletionEvent, svchost.exe, 10012
17:22:13:776, __InstanceDeletionEvent, chrome.exe, 11784
17:22:13:781, __InstanceDeletionEvent, smartscreen.exe, 13272
17:22:16:933, __InstanceDeletionEvent, chrome.exe, 21892
17:22:25:329, __InstanceDeletionEvent, chrome.exe, 9820
17:22:47:385, __InstanceCreationEvent, chrome.exe, 6140
17:22:51:582, __InstanceDeletionEvent, chrome.exe, 6140
17:22:53:684, __InstanceDeletionEvent, chrome.exe, 12232
17:23:13:589, __InstanceCreationEvent, chrome.exe, 4028
17:23:14:642, __InstanceCreationEvent, chrome.exe, 9400
17:23:15:681, __InstanceCreationEvent, chrome.exe, 19452
17:23:16:725, __InstanceCreationEvent, chrome.exe, 9180
17:23:17:784, __InstanceCreationEvent, chrome.exe, 11172
17:23:18:836, __InstanceCreationEvent, chrome.exe, 16184
17:23:18:842, __InstanceCreationEvent, chrome.exe, 16996
17:23:20:959, __InstanceCreationEvent, chrome.exe, 8680
17:23:22:15, __InstanceCreationEvent, chrome.exe, 10004
17:23:22:20, __InstanceCreationEvent, chrome.exe, 20092
17:23:23:72, __InstanceCreationEvent, chrome.exe, 21696
17:23:24:126, __InstanceCreationEvent, chrome.exe, 16204
17:24:5:331, __InstanceDeletionEvent, chrome.exe, 19344
17:24:6:382, __InstanceDeletionEvent, svchost.exe, 12636
17:24:10:574, __InstanceDeletionEvent, chrome.exe, 13724
17:24:13:724, __InstanceDeletionEvent, chrome.exe, 4028
17:24:15:844, __InstanceDeletionEvent, chrome.exe, 9400
17:24:16:911, __InstanceDeletionEvent, chrome.exe, 19452
17:24:19:22, __InstanceDeletionEvent, chrome.exe, 9180
17:24:20:77, __InstanceDeletionEvent, chrome.exe, 11172
17:24:37:921, __InstanceDeletionEvent, chrome.exe, 16184
17:24:42:97, __InstanceDeletionEvent, chrome.exe, 16996
17:24:43:143, __InstanceDeletionEvent, chrome.exe, 8680
17:24:44:183, __InstanceDeletionEvent, chrome.exe, 20092
17:24:46:263, __InstanceDeletionEvent, chrome.exe, 10004
17:24:47:312, __InstanceDeletionEvent, chrome.exe, 21696
17:24:48:346, __InstanceDeletionEvent, chrome.exe, 21964
17:24:49:406, __InstanceCreationEvent, chrome.exe, 10768
17:24:49:411, __InstanceCreationEvent, RuntimeBroker.exe, 14588
17:24:49:411, __InstanceCreationEvent, chrome.exe, 8804
17:24:50:448, __InstanceCreationEvent, chrome.exe, 3516
17:24:51:486, __InstanceDeletionEvent, chrome.exe, 10768
17:24:51:491, __InstanceDeletionEvent, chrome.exe, 16204
17:24:51:491, __InstanceDeletionEvent, chrome.exe, 8804
17:24:51:497, __InstanceCreationEvent, chrome.exe, 5872
17:24:55:665, __InstanceCreationEvent, chrome.exe, 7384
17:24:56:707, __InstanceDeletionEvent, chrome.exe, 5872
17:24:57:751, __InstanceCreationEvent, chrome.exe, 11012
17:24:57:756, __InstanceCreationEvent, chrome.exe, 15796
17:24:57:756, __InstanceCreationEvent, chrome.exe, 5368
17:24:58:795, __InstanceCreationEvent, chrome.exe, 1516
17:24:58:799, __InstanceDeletionEvent, chrome.exe, 11012
17:25:6:143, __InstanceDeletionEvent, svchost.exe, 7336
17:25:7:189, __InstanceDeletionEvent, svchost.exe, 688
17:25:10:343, __InstanceDeletionEvent, svchost.exe, 17732
17:25:19:798, __InstanceDeletionEvent, chrome.exe, 15796
17:25:19:802, __InstanceCreationEvent, chrome.exe, 1852
17:25:19:805, __InstanceDeletionEvent, chrome.exe, 5368
17:25:19:805, __InstanceDeletionEvent, chrome.exe, 7384
17:25:20:851, __InstanceCreationEvent, chrome.exe, 21300
17:25:21:899, __InstanceDeletionEvent, chrome.exe, 1516
17:25:27:171, __InstanceDeletionEvent, chrome.exe, 3516
17:25:38:692, __InstanceCreationEvent, chrome.exe, 16884
17:25:38:697, __InstanceDeletionEvent, RuntimeBroker.exe, 14588
17:25:39:738, __InstanceCreationEvent, chrome.exe, 1816
17:25:40:792, __InstanceDeletionEvent, chrome.exe, 16884
17:25:40:797, __InstanceCreationEvent, chrome.exe, 13992
17:25:52:297, __InstanceCreationEvent, chrome.exe, 20464
17:25:52:302, __InstanceCreationEvent, chrome.exe, 6156
17:25:54:392, __InstanceDeletionEvent, chrome.exe, 1816
17:26:8:1, __InstanceDeletionEvent, chrome.exe, 6156
